{
  "miou": 0.23307834565639496,
  "iou_per_class": {
    "background": 0.25254592299461365,
    "building": 0.34506461024284363,
    "road": 0.24867749214172363,
    "water": 0.3639086186885834,
    "barren": 0.1267652064561844,
    "forest": 0.2391127198934555,
    "agriculture": 0.05547371879220009
  },
  "eval_seconds": 70.4,
  "num_batches": 826
}